"cik","company","ticker","market_cap_usd_billion","gics_sector","gics_sub_industry","headquarters","founded"
"1045810","Nvidia","NVDA","4425.366110208","Information Technology","Semiconductors","Santa Clara, California","1993"
"320193","Apple Inc.","AAPL","4247.171104768","Information Technology","Technology Hardware, Storage & Peripherals","Cupertino, California","1977"
"1652044","Alphabet Inc.(Class A)","GOOGL","3825.12922624","Communication Services","Interactive Media & Services","Mountain View, California","1998"
"1652044","Alphabet Inc.(Class C)","GOOG","3814.940737536","Communication Services","Interactive Media & Services","Mountain View, California","1998"
"789019","Microsoft","MSFT","3642.251542528","Information Technology","Systems Software","Redmond, Washington","1975"
"1018724","Amazon","AMZN","2506.000433152","Consumer Discretionary","Broadline Retail","Seattle, Washington","1994"
"1730168","Broadcom","AVGO","1801.912844288","Information Technology","Semiconductors","Palo Alto, California","1961"
"1326801","Meta Platforms","META","1631.033360384","Communication Services","Interactive Media & Services","Menlo Park, California","2004"
"1318605","Tesla, Inc.","TSLA","1427.57462016","Consumer Discretionary","Automobile Manufacturers","Austin, Texas","2003"
"1067983","Berkshire Hathaway","BRK.B","1090","Financials","Multi-Sector Holdings, Insurance","Omaha, Nebraska","1839"
"59478","Lilly (Eli)","LLY","937.801351168","Health Care","Pharmaceuticals","Indianapolis, Indiana","1876"
"104169","Walmart","WMT","897.078853632","Consumer Staples","Consumer Staples Merchandise Retail","Bentonville, Arkansas","1962"
"19617","JPMorgan Chase","JPM","846.594244608","Financials","Diversified Banks","New York City, New York","2000 (1799 / 1871)"
"1403161","Visa Inc.","V","639.77324544","Financials","Transaction & Payment Processing Services","San Francisco, California","1958"
"1341439","Oracle Corporation","ORCL","573.294444544","Information Technology","Application Software","Austin, Texas","1977"
"200406","Johnson & Johnson","JNJ","494.91738624","Health Care","Pharmaceuticals","New Brunswick, New Jersey","1886"
"1141391","Mastercard","MA","493.509083136","Financials","Transaction & Payment Processing Services","Harrison, New York","1966"
"34088","ExxonMobil","XOM","491.893424128","Energy","Integrated Oil & Gas","Irving, Texas","1999"
"1065280","Netflix","NFLX","463.351283712","Communication Services","Movies & Entertainment","Los Gatos, California","1997"
"909832","Costco","COST","408.899190784","Consumer Staples","Consumer Staples Merchandise Retail","Issaquah, Washington","1976"
"1321655","Palantir Technologies","PLTR","406.828744704","Information Technology","Application Software","Denver, Colorado","2003"
"1551152","AbbVie","ABBV","396.548079616","Health Care","Biotechnology","North Chicago, Illinois","2013 (1888)"
"70858","Bank of America","BAC","393.975529472","Financials","Diversified Banks","Charlotte, North Carolina","1998 (1923 / 1874)"
"354950","Home Depot (The)","HD","352.440942592","Consumer Discretionary","Home Improvement Retail","Atlanta, Georgia","1978"
"2488","Advanced Micro Devices","AMD","350.41968128","Information Technology","Semiconductors","Santa Clara, California","1969"
"80424","Procter & Gamble","PG","341.383184384","Consumer Staples","Personal Care Products","Cincinnati, Ohio","1837"
"40545","GE Aerospace","GE","306.806325248","Industrials","Aerospace & Defense","Evendale, Ohio","1892"
"21344","Coca-Cola Company (The)","KO","304.140156928","Consumer Staples","Soft Drinks & Non-alcoholic Beverages","Atlanta, Georgia","1886"
"858877","Cisco","CSCO","303.720660992","Information Technology","Communications Equipment","San Jose, California","1984"
"93410","Chevron Corporation","CVX","302.727069696","Energy","Integrated Oil & Gas","Houston, Texas","1879"
"731766","UnitedHealth Group","UNH","293.980864512","Health Care","Managed Health Care","Eden Prairie, Minnesota","1977"
"51143","IBM","IBM","282.084409344","Information Technology","IT Consulting & Other Services","Armonk, New York","1911"
"72971","Wells Fargo","WFC","276.521025536","Financials","Diversified Banks","San Francisco, California","1852"
"18230","Caterpillar Inc.","CAT","272.874897408","Industrials","Construction Machinery & Heavy Transportation Equipment","Irving, Texas","1925"
"895421","Morgan Stanley","MS","269.924401152","Financials","Investment Banking & Brokerage","New York City, New York","1935"
"723125","Micron Technology","MU","269.510017024","Information Technology","Semiconductors","Boise, Idaho","1978"
"310158","Merck & Co.","MRK","252.35103744","Health Care","Pharmaceuticals","Kenilworth, New Jersey","1891"
"4962","American Express","AXP","251.004731392","Financials","Consumer Finance","New York City, New York","1850"
"886982","Goldman Sachs","GS","246.781263872","Financials","Investment Banking & Brokerage","New York City, New York","1869"
"1413329","Philip Morris International","PM","240.687464448","Consumer Staples","Tobacco","New York City, New York","2008 (1847)"
"1283699","T-Mobile US","TMUS","236.484296704","Communication Services","Wireless Telecommunication Services","Bellevue, Washington","1994"
"101829","RTX Corporation","RTX","226.322317312","Industrials","Aerospace & Defense","Waltham, Massachusetts","1922"
"1108524","Salesforce","CRM","224.382763008","Information Technology","Application Software","San Francisco, California","1999"
"1751008","AppLovin","APP","220.877193216","Information Technology","Application Software","Palo Alto, California","2012"
"1800","Abbott Laboratories","ABT","219.854782464","Health Care","Health Care Equipment","North Chicago, Illinois","1888"
"97745","Thermo Fisher Scientific","TMO","218.049691648","Health Care","Life Sciences Tools & Services","Waltham, Massachusetts","2006 (1902)"
"63908","McDonald's","MCD","214.595125248","Consumer Discretionary","Restaurants","Chicago, Illinois","1940"
"6951","Applied Materials","AMAT","211.373129728","Information Technology","Semiconductor Materials & Equipment","Santa Clara, California","1967"
"50863","Intel","INTC","207.351906304","Information Technology","Semiconductors","Santa Clara, California","1968"
"1035267","Intuitive Surgical","ISRG","203.514281984","Health Care","Health Care Equipment","Sunnyvale, California","1995"
"77476","PepsiCo","PEP","203.458576384","Consumer Staples","Soft Drinks & Non-alcoholic Beverages","Purchase, New York","1898"
"707549","Lam Research","LRCX","199.482703872","Information Technology","Semiconductor Materials & Equipment","Fremont, California","1980"
"1707925","Linde plc","LIN","191.685525504","Materials","Industrial Gases","Guildford, United Kingdom","1879"
"831001","Citigroup","C","189.962256384","Financials","Diversified Banks","New York City, New York","1998"
"1744489","Walt Disney Company (The)","DIS","188.477407232","Communication Services","Movies & Entertainment","Burbank, California","1923"
"804328","Qualcomm","QCOM","184.185307136","Information Technology","Semiconductors","San Diego, California","1985"
"1543151","Uber","UBER","182.620110848","Industrials","Passenger Ground Transportation","San Francisco, California","2009"
"318154","Amgen","AMGN","182.200303616","Health Care","Biotechnology","Thousand Oaks, California","1980"
"732717","AT&T","T","180.922761216","Communication Services","Integrated Telecommunication Services","Dallas, Texas","1983 (1885)"
"1393818","Blackstone Inc.","BX","180.058619904","Financials","Asset Management & Custody Banks","New York City, New York","1985"
"896878","Intuit","INTU","176.959389696","Information Technology","Application Software","Mountain View, California","1983"
"753308","NextEra Energy","NEE","176.147136512","Utilities","Multi-Utilities","Juno Beach, Florida","1984 (1925)"
"820313","Amphenol","APH","173.191626752","Information Technology","Electronic Components","Wallingford, Connecticut","1932"
"1373715","ServiceNow","NOW","171.59553024","Information Technology","Systems Software","Santa Clara, California","2003"
"732712","Verizon","VZ","171.229036544","Communication Services","Integrated Telecommunication Services","New York City, New York","1983 (1877)"
"109198","TJX Companies","TJX","167.364657152","Consumer Discretionary","Apparel Retail","Framingham, Massachusetts","1987"
"316709","Charles Schwab Corporation","SCHW","167.127236608","Financials","Investment Banking & Brokerage","Westlake, Texas","1971"
"1075531","Booking Holdings","BKNG","166.4270336","Consumer Discretionary","Hotels, Resorts & Cruise Lines","Norwalk, Connecticut","1996"
"1996810","GE Vernova","GEV","163.764486144","Industrials","Heavy Electrical Equipment","Cambridge, Massachusetts","2024"
"1467373","Accenture","ACN","162.576990208","Information Technology","IT Consulting & Other Services","Dublin, Ireland","1989"
"313616","Danaher Corporation","DHR","162.250129408","Health Care","Life Sciences Tools & Services","Washington, D.C.","1969"
"2012383","BlackRock","BLK","161.142833152","Financials","Asset Management & Custody Banks","New York City, New York","1988"
"1596532","Arista Networks","ANET","160.206258176","Information Technology","Communications Equipment","Santa Clara, California","2004"
"97476","Texas Instruments","TXN","159.335366656","Information Technology","Semiconductors","Dallas, Texas","1930"
"319201","KLA Corporation","KLAC","156.686155776","Information Technology","Semiconductor Materials & Equipment","Milpitas, California","1975/1977 (1997)"
"12927","Boeing","BA","156.108423168","Industrials","Aerospace & Defense","Arlington, Virginia","1916"
"882095","Gilead Sciences","GILD","153.748389888","Health Care","Biotechnology","Foster City, California","1987"
"64040","S&P Global","SPGI","149.966405632","Financials","Financial Exchanges & Data","New York City, New York","1917"
"885725","Boston Scientific","BSX","146.791399424","Health Care","Health Care Equipment","Marlborough, Massachusetts","1979"
"927628","Capital One","COF","143.251881984","Financials","Consumer Finance","Tysons Corner, Virginia","1994"
"78003","Pfizer","PFE","142.995554304","Health Care","Pharmaceuticals","New York City, New York","1849"
"310764","Stryker Corporation","SYK","140.227100672","Health Care","Health Care Equipment","Kalamazoo, Michigan","1941"
"766704","Welltower","WELL","139.461853184","Real Estate","Health Care REITs","Toledo, Ohio","1970"
"100885","Union Pacific Corporation","UNP","137.75568896","Industrials","Rail Transportation","Omaha, Nebraska","1862"
"796343","Adobe Inc.","ADBE","136.93599744","Information Technology","Application Software","San Jose, California","1982"
"60667","Lowe's","LOW","136.406573056","Consumer Discretionary","Home Improvement Retail","Mooresville, North Carolina","1904/1946/1959"
"80661","Progressive Corporation","PGR","134.14486016","Financials","Property & Casualty Insurance","Mayfield Village, Ohio","1937"
"6281","Analog Devices","ADI","133.660884992","Information Technology","Semiconductors","Wilmington, Massachusetts","1965"
"1613103","Medtronic","MDT","130.86531584","Health Care","Health Care Equipment","Dublin, Ireland","1949"
"773840","Honeywell","HON","130.157928448","Industrials","Industrial Conglomerates","Charlotte, North Carolina","1906"
"1327567","Palo Alto Networks","PANW","129.874640896","Information Technology","Systems Software","Santa Clara, California","2005"
"1551182","Eaton Corporation","ETN","129.679720448","Industrials","Electrical Components & Equipment","Dublin, Ireland","1911"
"1535527","CrowdStrike","CRWD","129.630871552","Information Technology","Systems Software","Austin, Texas","2011"
"315189","Deere & Company","DE","126.825037824","Industrials","Agricultural & Farm Machinery","Moline, Illinois","1837"
"1045609","Prologis","PLD","119.758815232","Real Estate","Industrial REITs","San Francisco, California","1983"
"896159","Chubb Limited","CB","117.4142976","Financials","Property & Casualty Insurance","Zurich, Switzerland","1985"
"860730","HCA Healthcare","HCA","117.06929152","Health Care","Health Care Facilities","Nashville, Tennessee","1968"
"1868275","Constellation Energy","CEG","113.612537856","Utilities","Electric Utilities","Baltimore, Maryland","1999"
"1404912","KKR & Co.","KKR","113.592107008","Financials","Asset Management & Custody Banks","New York City, New York","1976"
"1783879","Robinhood Markets","HOOD","113.252835328","Financials","Investment Banking & Brokerage","Menlo Park, California","2013"
"1163165","ConocoPhillips","COP","111.51806464","Energy","Oil & Gas Exploration & Production","Houston, Texas","2002"
"875320","Vertex Pharmaceuticals","VRTX","111.055609856","Health Care","Biotechnology","Boston, Massachusetts","1989"
"76334","Parker Hannifin","PH","108.693766144","Industrials","Industrial Machinery & Supplies & Components","Cleveland, Ohio","1917"
"1381197","Interactive Brokers","IBKR","108.099026944","Financials","Investment Banking & Brokerage","Greenwich, Connecticut","1977"
"8670","Automatic Data Processing","ADP","104.180916224","Industrials","Human Resource & Employment Services","Roseland, New Jersey","1949"
"927653","McKesson Corporation","MCK","103.201734656","Health Care","Health Care Distributors","Irving, Texas","1833"
"936468","Lockheed Martin","LMT","103.149535232","Industrials","Aerospace & Defense","Bethesda, Maryland","1995"
"1156375","CME Group","CME","100.062830592","Financials","Financial Exchanges & Data","Chicago, Illinois","1848"
"1166691","Comcast","CMCSA","99.763421184","Communication Services","Cable & Satellite","Philadelphia, Pennsylvania","1963"
"1164727","Newmont","NEM","99.387727872","Materials","Gold","Denver, Colorado","1921"
"764180","Altria","MO","98.811183104","Consumer Staples","Tobacco","Richmond, Virginia","1985"
"64803","CVS Health","CVS","98.533351424","Health Care","Health Care Services","Woonsocket, Rhode Island","1996"
"14272","Bristol Myers Squibb","BMY","98.225086464","Health Care","Pharmaceuticals","New York City, New York","1989 (1887)"
"92122","Southern Company","SO","98.042380288","Utilities","Electric Utilities","Atlanta, Georgia","1945"
"829224","Starbucks","SBUX","96.880918528","Consumer Discretionary","Restaurants","Seattle, Washington","1971"
"320187","Nike, Inc.","NKE","95.979610112","Consumer Discretionary","Apparel, Accessories & Luxury Goods","Washington County, Oregon","1964"
"1792789","DoorDash","DASH","93.518061568","Consumer Discretionary","Specialized Consumer Services","San Francisco, California","2012"
"1326160","Duke Energy","DUK","93.078274048","Utilities","Electric Utilities","Charlotte, North Carolina","1904"
"1466258","Trane Technologies","TT","91.502764032","Industrials","Building Products","Dublin, Ireland","1871"
"1571996","Dell Technologies","DELL","91.40912128","Information Technology","Technology Hardware, Storage & Peripherals","Round Rock, Texas","2016"
"66740","3M","MMM","91.37795072","Industrials","Industrial Conglomerates","Saint Paul, Minnesota","1902"
"40533","General Dynamics","GD","90.706444288","Industrials","Aerospace & Defense","Reston, Virginia","1899"
"62709","Marsh McLennan","MMC","90.144186368","Financials","Insurance Brokers","New York City, New York","1905"
"1571949","Intercontinental Exchange","ICE","88.93165568","Financials","Financial Exchanges & Data","Atlanta, Georgia","2000"
"1059556","Moody's Corporation","MCO","87.498317824","Financials","Financial Exchanges & Data","New York City, New York","1909"
"813672","Cadence Design Systems","CDNS","86.635462656","Information Technology","Application Software","San Jose, California","1988"
"823768","Waste Management","WM","86.43108864","Industrials","Environmental & Facilities Services","Houston, Texas","1968"
"883241","Synopsys","SNPS","85.632802816","Information Technology","Application Software","Sunnyvale, California","1986"
"798354","Fiserv","FI","85","Financials","Transaction & Payment Processing Services","Brookfield, Wisconsin","1984"
"898173","O’Reilly Automotive","ORLY","84.467867648","Consumer Discretionary","Automotive Retail","Springfield, Missouri","1957"
"89800","Sherwin-Williams","SHW","84.147494912","Materials","Specialty Chemicals","Cleveland, Ohio","1866"
"1048286","Marriott International","MAR","82.699624448","Consumer Discretionary","Hotels, Resorts & Cruise Lines","Bethesda, Maryland","1927"
"1053507","American Tower","AMT","82.30486016","Real Estate","Telecom Tower REITs","Boston, Massachusetts","1995"
"1090727","United Parcel Service","UPS","81.088700416","Industrials","Air Freight & Logistics","Sandy Springs, Georgia","1907"
"1390777","BNY Mellon","BK","79.043395584","Financials","Asset Management & Custody Banks","New York City, New York","1784"
"4281","Howmet Aerospace","HWM","78.994644992","Industrials","Aerospace & Defense","Pittsburgh, Pennsylvania","1888"
"872589","Regeneron Pharmaceuticals","REGN","78.642683904","Health Care","Biotechnology","Tarrytown, New York","1988"
"1133421","Northrop Grumman","NOC","78.31678976","Industrials","Aerospace & Defense","West Falls Church, Virginia[3]","1994 (Northrop 1939, Grumman 1930)"
"36104","U.S. Bancorp","USB","77.311492096","Financials","Diversified Banks","Minneapolis, Minnesota","1968"
"31462","Ecolab","ECL","76.831154176","Materials","Specialty Chemicals","Saint Paul, Minnesota","1923"
"1858681","Apollo Global Management","APO","76.662218752","Financials","Asset Management & Custody Banks","New York City, New York","1990"
"1260221","TransDigm Group","TDG","75.715059712","Industrials","Aerospace & Defense","Cleveland, Ohio","1993"
"713676","PNC Financial Services","PNC","75.463548928","Financials","Diversified Banks","Pittsburgh, Pennsylvania","1845"
"833444","Johnson Controls","JCI","75.437555712","Industrials","Building Products","Cork, Ireland","1885"
"315293","Aon plc","AON","74.542112768","Financials","Insurance Brokers","London, United Kingdom","1982 (1919)"
"1156039","Elevance Health","ELV","74.516004864","Health Care","Managed Health Care","Indianapolis, Indiana","2014 (1946)"
"723254","Cintas","CTAS","74.219462656","Industrials","Diversified Support Services","Mason, Ohio","1929"
"32604","Emerson Electric","EMR","74.199547904","Industrials","Electrical Components & Equipment","Ferguson, Missouri","1890"
"107263","Williams Companies","WMB","73.529581568","Energy","Oil & Gas Storage & Transportation","Tulsa, Oklahoma","1908"
"1739940","Cigna","CI","73.219186688","Health Care","Health Care Services","Bloomfield, Connecticut","1982"
"865752","Monster Beverage","MNST","72.993251328","Consumer Staples","Soft Drinks & Non-alcoholic Beverages","Corona, California","2012 (1935)"
"1559720","Airbnb","ABNB","72.549924864","Consumer Discretionary","Hotels, Resorts & Cruise Lines","San Francisco, California","2008"
"1103982","Mondelez International","MDLZ","72.448008192","Consumer Staples","Packaged Foods & Meats","Chicago, Illinois","2012"
"49826","Illinois Tool Works","ITW","72.402771968","Industrials","Industrial Machinery & Supplies & Components","Glenview, Illinois","1912"
"884887","Royal Caribbean Group","RCL","72.290746368","Consumer Discretionary","Hotels, Resorts & Cruise Lines","Miami, Florida","1997"
"24741","Corning Inc.","GLW","71.769636864","Information Technology","Electronic Components","Corning, New York","1851"
"1101239","Equinix","EQIX","71.41859328","Real Estate","Data Center REITs","Redwood City, California","1998"
"1679788","Coinbase","COIN","70.986432512","Financials","Financial Exchanges & Data","New York City, New York","2012"
"1467858","General Motors","GM","70.130057216","Consumer Discretionary","Automobile Manufacturers","Detroit, Michigan","1908"
"26172","Cummins","CMI","69.22518528","Industrials","Construction Machinery & Heavy Transportation Equipment","Columbus, Indiana","1919"
"1063761","Simon Property Group","SPG","68.715798528","Real Estate","Retail REITs","Indianapolis, Indiana","2003"
"1140859","Cencora","COR","68.027682816","Health Care","Health Care Distributors","Conshohocken, Pennsylvania","1985"
"1050915","Quanta Services","PWR","67.805978624","Industrials","Construction & Engineering","Houston, Texas","1997"
"1385157","TE Connectivity","TEL","67.615821824","Information Technology","Electronic Manufacturing Services","Galway, Ireland","2007"
"1060391","Republic Services","RSG","66.398937088","Industrials","Environmental & Facilities Services","Phoenix, Arizona","1998 (1981)"
"1585689","Hilton Worldwide","HLT","66.131779584","Consumer Discretionary","Hotels, Resorts & Cruise Lines","Tysons Corner, Virginia","1919"
"769397","Autodesk","ADSK","66.083250176","Information Technology","Application Software","San Francisco, California","1982"
"702165","Norfolk Southern","NSC","65.464799232","Industrials","Rail Transportation","Atlanta, Georgia","1881/1894 (1980)"
"277948","CSX Corporation","CSX","65.193766912","Industrials","Rail Transportation","Jacksonville, Florida","1980"
"86312","Travelers Companies (The)","TRV","64.955613184","Financials","Property & Casualty Insurance","New York City, New York","1853"
"4904","American Electric Power","AEP","63.819718656","Utilities","Electric Utilities","Columbus, Ohio","1906"
"1048911","FedEx","FDX","63.795273728","Industrials","Air Freight & Logistics","Memphis, Tennessee","1971"
"866787","AutoZone","AZO","63.77312256","Consumer Discretionary","Automotive Retail","Memphis, Tennessee","1979"
"21665","Colgate-Palmolive","CL","63.7039616","Consumer Staples","Household Products","New York City, New York","1806"
"1262039","Fortinet","FTNT","63.55410944","Information Technology","Systems Software","Sunnyvale, California","2000"
"68505","Motorola Solutions","MSI","62.902964224","Information Technology","Communications Equipment","Chicago, Illinois","1928 (2011)"
"354190","Arthur J. Gallagher & Co.","AJG","62.716915712","Financials","Insurance Brokers","Rolling Meadows, Illinois","1927"
"831259","Freeport-McMoRan","FCX","61.7019392","Materials","Copper","Phoenix, Arizona","1912"
"1437107","Warner Bros. Discovery","WBD","60.784717824","Communication Services","Broadcasting","New York City, New York","2022 (Warner Bros.1923)"
"1633917","PayPal","PYPL","60.093304832","Financials","Transaction & Payment Processing Services","San Jose, California","1998"
"92230","Truist Financial","TFC","59.932946432","Financials","Diversified Banks","Charlotte, North Carolina","1872"
"1506307","Kinder Morgan","KMI","59.73481472","Energy","Oil & Gas Storage & Transportation","Houston, Texas","1997"
"821189","EOG Resources","EOG","59.546038272","Energy","Oil & Gas Exploration & Production","Houston, Texas","1999"
"1032208","Sempra","SRE","59.3613824","Utilities","Multi-Utilities","San Diego, California","1998"
"874716","Idexx Laboratories","IDXX","58.621837312","Health Care","Health Care Equipment","Westbrook, Maine","1983"
"1510295","Marathon Petroleum","MPC","58.584715264","Energy","Oil & Gas Refining & Marketing","Findlay, Ohio","2009 (1887)"
"1692819","Vistra Corp.","VST","58.464342016","Utilities","Electric Utilities","Irving, Texas","2016"
"4977","Aflac","AFL","58.205712384","Financials","Life & Health Insurance","Columbus, Georgia","1955"
"1137789","Seagate Technology","STX","58.143510528","Information Technology","Technology Hardware, Storage & Peripherals","Dublin, Ireland","1979"
"745732","Ross Stores","ROST","58.077917184","Consumer Discretionary","Apparel Retail","Dublin, California","1982"
"2969","Air Products","APD","57.154494464","Materials","Industrial Gases","Upper Macungie Township, Pennsylvania","1940"
"1327811","Workday, Inc.","WDAY","56.887017472","Information Technology","Application Software","Pleasanton, California","2005"
"75362","Paccar","PCAR","55.61389056","Industrials","Construction Machinery & Heavy Transportation Equipment","Bellevue, Washington","1905"
"1534701","Phillips 66","PSX","55.59537664","Energy","Oil & Gas Refining & Marketing","Houston, Texas","2012 (1917)"
"1035002","Valero Energy","VLO","55.460655104","Energy","Oil & Gas Refining & Marketing","San Antonio, Texas","1980"
"1555280","Zoetis","ZTS","55.14975232","Health Care","Pharmaceuticals","Parsippany, New Jersey","1952"
"899051","Allstate","ALL","55.048900608","Financials","Property & Casualty Insurance","Northbrook, Illinois","1931"
"1561550","Datadog","DDOG","54.872956928","Information Technology","Application Software","New York City, New York","2010"
"106040","Western Digital","WDC","54.843858944","Information Technology","Technology Hardware, Storage & Peripherals","San Jose, California","1970"
"1297996","Digital Realty","DLR","54.728761344","Real Estate","Data Center REITs","Austin, Texas","2004"
"10795","Becton Dickinson","BDX","54.593933312","Health Care","Health Care Equipment","Franklin Lakes, New Jersey","1897"
"87347","Schlumberger","SLB","54.31906304","Energy","Oil & Gas Equipment & Services","Houston, Texas","1926"
"1413447","NXP Semiconductors","NXPI","54.292877312","Information Technology","Semiconductors","Eindhoven, Netherlands","1953"
"726728","Realty Income","O","52.894584832","Real Estate","Retail REITs","San Diego, California","1969"
"37996","Ford Motor Company","F","51.639103488","Consumer Discretionary","Automobile Manufacturers","Dearborn, Michigan","1903"
"715957","Dominion Energy","D","51.533664256","Utilities","Multi-Utilities","Richmond, Virginia","1983"
"1067701","United Rentals","URI","51.526381568","Industrials","Trading Companies & Distributors","Stamford, Connecticut","1997"
"202058","L3Harris","LHX","51.258363904","Industrials","Aerospace & Defense","Melbourne, Florida","2019 (L31997,Harris1895)"
"712515","Electronic Arts","EA","50.831568896","Communication Services","Interactive Home Entertainment","Redwood City, California","1982"
"1120193","Nasdaq, Inc.","NDAQ","50.786619392","Financials","Financial Exchanges & Data","New York City, New York","1971"
"1099219","MetLife","MET","50.721533952","Financials","Life & Health Insurance","New York City, New York","1868"
"1099800","Edwards Lifesciences","EW","49.73324288","Health Care","Health Care Equipment","Irvine, California","1958"
"1701605","Baker Hughes","BKR","48.825573376","Energy","Oil & Gas Equipment & Services","Houston, Texas","2017"
"721371","Cardinal Health","CAH","48.737869824","Health Care","Health Care Distributors","Dublin, Ohio","1971"
"1393311","Public Storage","PSA","47.929475072","Real Estate","Self-Storage REITs","Glendale, California","1972"
"882835","Roper Technologies","ROP","47.807164416","Information Technology","Electronic Equipment & Instruments","Sarasota, Florida","1981"
"1138118","CBRE Group","CBRE","47.415492608","Real Estate","Real Estate Services","Dallas, Texas","1906"
"882184","D. R. Horton","DHI","47.240654848","Consumer Discretionary","Homebuilding","Arlington, Texas","1978"
"1300514","Las Vegas Sands","LVS","47.0289408","Consumer Discretionary","Casinos & Gaming","Las Vegas, Nevada","1988"
"72903","Xcel Energy","XEL","46.755303424","Utilities","Multi-Utilities","Minneapolis, Minnesota","1909"
"815556","Fastenal","FAST","46.461005824","Industrials","Trading Companies & Distributors","Winona, Minnesota","1967"
"1039684","Oneok","OKE","46.035161088","Energy","Oil & Gas Storage & Transportation","Tulsa, Oklahoma","1906"
"277135","W. W. Grainger","GWW","45.973962752","Industrials","Industrial Machinery & Supplies & Components","Lake Forest, Illinois","1927"
"1783180","Carrier Global","CARR","45.802049536","Industrials","Building Products","Palm Beach Gardens, Florida","2020 (1915,United Technologiesspinoff)"
"1058090","Chipotle Mexican Grill","CMG","45.777813504","Consumer Discretionary","Restaurants","Newport Beach, California","1993"
"1280452","Monolithic Power Systems","MPWR","45.61608704","Information Technology","Semiconductors","Kirkland, Washington","1997"
"946581","Take-Two Interactive","TTWO","45.60896","Communication Services","Interactive Home Entertainment","New York City, New York","1993"
"1037868","Ametek","AME","45.564903424","Industrials","Electrical Components & Equipment","Berwyn, Pennsylvania","1930"
"1109357","Exelon","EXC","45.449424896","Utilities","Electric Utilities","Chicago, Illinois","2000"
"1539838","Diamondback Energy","FANG","45.154041856","Energy","Oil & Gas Exploration & Production","Midland, Texas","2007"
"1755672","Corteva","CTVA","44.548960256","Materials","Fertilizers & Agricultural Chemicals","Indianapolis, Indiana","2019"
"56873","Kroger","KR","44.41931776","Consumer Staples","Food Retail","Cincinnati, Ohio","1883"
"1024478","Rockwell Automation","ROK","43.984338944","Industrials","Electrical Components & Equipment","Milwaukee, Wisconsin","1903"
"820027","Ameriprise Financial","AMP","43.062308864","Financials","Asset Management & Custody Banks","Minneapolis, Minnesota","1894"
"814547","Fair Isaac","FICO","42.695540736","Information Technology","Application Software","Bozeman, Montana","1956"
"5272","American International Group","AIG","42.63059456","Financials","Multi-line Insurance","New York City, New York","1919"
"27904","Delta Air Lines","DAL","42.533994496","Industrials","Passenger Airlines","Atlanta, Georgia","1929"
"1069183","Axon Enterprise","AXON","42.434101248","Industrials","Aerospace & Defense","Scottsdale, Arizona","1993"
"1090872","Agilent Technologies","A","42.187698176","Health Care","Life Sciences Tools & Services","Santa Clara, California","1999"
"65984","Entergy","ETR","41.520115712","Utilities","Electric Utilities","New Orleans, Louisiana","1913"
"797468","Occidental Petroleum","OXY","41.35913472","Energy","Oil & Gas Exploration & Production","Houston, Texas","1920"
"1408198","MSCI Inc.","MSCI","41.123115008","Financials","Financial Exchanges & Data","New York City, New York","1969"
"27419","Target Corporation","TGT","41.109491712","Consumer Staples","Consumer Staples Merchandise Retail","Minneapolis, Minnesota","1902"
"1041061","Yum! Brands","YUM","40.987111424","Consumer Discretionary","Restaurants","Louisville, Kentucky","1997"
"788784","Public Service Enterprise Group","PEG","40.271745024","Utilities","Electric Utilities","Newark, New Jersey","1903"
"723531","Paychex","PAYX","39.86907136","Industrials","Human Resource & Employment Services","Penfield, New York","1971"
"1051470","Crown Castle","CCI","38.444085248","Real Estate","Telecom Tower REITs","Houston, Texas","1994"
"1478242","IQVIA","IQV","38.424788992","Health Care","Life Sciences Tools & Services","Durham, North Carolina","1982"
"1396009","Vulcan Materials Company","VMC","38.29682176","Materials","Construction Materials","Birmingham, Alabama","1909"
"1418135","Keurig Dr Pepper","KDP","38.216941568","Consumer Staples","Soft Drinks & Non-alcoholic Beverages","Burlington, Massachusetts","1981"
"874766","Hartford (The)","HIG","37.986291712","Financials","Property & Casualty Insurance","Hartford, Connecticut","1810"
"1137774","Prudential Financial","PRU","37.957046272","Financials","Life & Health Insurance","Newark, New Jersey","1875"
"1121788","Garmin","GRMN","37.955956736","Consumer Discretionary","Consumer Electronics","Schaffhausen, Switzerland","1989"
"1058290","Cognizant","CTSH","37.94348032","Information Technology","IT Consulting & Other Services","Teaneck, New Jersey","1994"
"1065088","eBay Inc.","EBAY","37.889871872","Consumer Discretionary","Broadline Retail","San Jose, California","1995"
"900075","Copart","CPRT","37.713969152","Industrials","Diversified Support Services","Dallas, Texas","1982"
"740260","Ventas","VTR","37.616205824","Real Estate","Health Care REITs","Chicago, Illinois","1998"
"47111","Hershey Company (The)","HSY","37.063036928","Consumer Staples","Packaged Foods & Meats","Hershey, Pennsylvania","1894"
"1389170","Targa Resources","TRGP","36.96996352","Energy","Oil & Gas Storage & Transportation","Houston, Texas","2005"
"73309","Nucor","NUE","36.866838528","Materials","Steel","Charlotte, North Carolina","1940"
"916076","Martin Marietta Materials","MLM","36.666138624","Materials","Construction Materials","Raleigh, North Carolina","1993"
"1512673","Block, Inc.","XYZ","36.642095104","Financials","Transaction & Payment Processing Services","none","2009"
"1932393","GE HealthCare","GEHC","36.625408","Health Care","Health Care Equipment","Chicago, Illinois","1994"
"943819","ResMed","RMD","36.615643136","Health Care","Health Care Equipment","San Diego, California","1989"
"33213","EQT Corporation","EQT","36.570324992","Energy","Oil & Gas Exploration & Production","Pittsburgh, Pennsylvania","1888"
"1001250","Estée Lauder Companies (The)","EL","35.90629376","Consumer Staples","Personal Care Products","New York City, New York","1946"
"96021","Sysco","SYY","35.646418944","Consumer Staples","Food Distributors","Houston, Texas","1969"
"943452","Wabtec","WAB","35.62405888","Industrials","Construction Machinery & Heavy Transportation Equipment","Pittsburgh, Pennsylvania","1999 (1869)"
"55785","Kimberly-Clark","KMB","35.492257792","Consumer Staples","Household Products","Irving, Texas","1872"
"783325","WEC Energy Group","WEC","35.161055232","Utilities","Electric Utilities","Milwaukee, Wisconsin","1896"
"815097","Carnival","CCL","35.035992064","Consumer Discretionary","Hotels, Resorts & Cruise Lines","Miami, Florida","1972"
"1047862","Consolidated Edison","ED","34.963832832","Utilities","Multi-Utilities","New York City, New York","1823"
"1136893","Fidelity National Information Services","FIS","34.894893056","Financials","Transaction & Payment Processing Services","Jacksonville, Florida","1968"
"1601046","Keysight Technologies","KEYS","34.611847168","Information Technology","Electronic Equipment & Instruments","Santa Rosa, California","2014 (1939)"
"947484","Arch Capital Group","ACGL","34.593787904","Financials","Property & Casualty Insurance","Hamilton, Bermuda","1995"
"1781335","Otis Worldwide","OTIS","34.2395392","Industrials","Industrial Machinery & Supplies & Components","Farmington, Connecticut","2020 (1853,United Technologiesspinoff)"
"1524472","Xylem Inc.","XYL","33.944455168","Industrials","Industrial Machinery & Supplies & Components","White Plains, New York","2011"
"100517","United Airlines Holdings","UAL","33.791770624","Industrials","Passenger Airlines","Chicago, Illinois","1967"
"93751","State Street Corporation","STT","33.76541696","Financials","Asset Management & Custody Banks","Boston, Massachusetts","1792"
"1004980","PG&E Corporation","PCG","33.671989248","Utilities","Multi-Utilities","Oakland, California","1905"
"1324424","Expedia Group","EXPE","32.62380032","Consumer Discretionary","Hotels, Resorts & Cruise Lines","Seattle, Washington","1996"
"1944048","Kenvue","KVUE","32.355520512","Consumer Staples","Personal Care Products","Skillman, New Jersey","2022 (Johnson & Johnsonspinoff)"
"920760","Lennar","LEN","32.039538688","Consumer Discretionary","Homebuilding","Miami, Florida","1954"
"1013871","NRG Energy","NRG","31.738126336","Utilities","Independent Power Producers & Energy Traders","Houston, Texas","1992"
"1699150","Ingersoll Rand","IR","31.470290944","Industrials","Industrial Machinery & Supplies & Components","Davidson, North Carolina","1859"
"1442145","Verisk Analytics","VRSK","31.414913024","Industrials","Research & Consulting Services","Jersey City, New Jersey","1971"
"720005","Raymond James Financial","RJF","31.032121344","Financials","Investment Banking & Brokerage","St. Petersburg, Florida","1962"
"1140536","Willis Towers Watson","WTW","30.79492608","Financials","Insurance Brokers","London, United Kingdom","2016"
"827054","Microchip Technology","MCHP","30.64873984","Information Technology","Semiconductors","Chandler, Arizona","1989"
"1705696","Vici Properties","VICI","30.407684096","Real Estate","Hotel & Resort REITs","New York City, New York","2017"
"97210","Teradyne","TER","30.214428672","Information Technology","Semiconductor Materials & Equipment","North Reading, Massachusetts","1960"
"1335258","Live Nation Entertainment","LYV","29.848174592","Communication Services","Movies & Entertainment","Beverly Hills, California","2010"
"36270","M&T Bank","MTB","29.844310016","Financials","Regional Banks","Buffalo, New York","1856"
"1037646","Mettler Toledo","MTD","29.810108416","Health Care","Life Sciences Tools & Services","Columbus, Ohio","1945"
"878927","Old Dominion","ODFL","29.730387968","Industrials","Cargo Ground Transportation","Thomasville, North Carolina","1934"
"1637459","Kraft Heinz","KHC","29.544042496","Consumer Staples","Packaged Foods & Meats","Chicago, Illinois;Pittsburgh, Pennsylvania","2015 (1869)"
"1754301","Fox Corporation(Class A)","FOXA","29.41120512","Communication Services","Broadcasting","New York City, New York","2019"
"1289490","Extra Space Storage","EXR","29.366626304","Real Estate","Self-Storage REITs","Salt Lake City, Utah","1977"
"1601712","Synchrony Financial","SYF","29.347897344","Financials","Consumer Finance","Stamford, Connecticut","2003"
"84839","Rollins, Inc.","ROL","29.302069248","Industrials","Environmental & Facilities Services","Atlanta, Georgia","1948"
"49071","Humana","HUM","29.101273088","Health Care","Managed Health Care","Louisville, Kentucky","1961"
"7084","Archer Daniels Midland","ADM","28.983160832","Consumer Staples","Agricultural Products & Services","Chicago, Illinois","1902"
"55067","Kellanova","K","28.923639808","Consumer Staples","Packaged Foods & Meats","Chicago, Illinois","1906"
"1645590","Hewlett Packard Enterprise","HPE","28.92234752","Information Technology","Technology Hardware, Storage & Peripherals","Houston, Texas","2015"
"35527","Fifth Third Bancorp","FITB","28.90748928","Financials","Regional Banks","Cincinnati, Ohio","1858"
"1057352","CoStar Group","CSGP","28.904712192","Real Estate","Real Estate Services","Washington, D.C.","1987"
"1274494","First Solar","FSLR","28.174825472","Information Technology","Semiconductors","Tempe, Arizona","1999"
"916365","Tractor Supply","TSCO","28.121638912","Consumer Discretionary","Other Specialty Retail","Brentwood, Tennessee","1938"
"895126","Expand Energy","EXE","28.037337088","Energy","Oil & Gas Exploration & Production","Oklahoma City, Oklahoma","1989"
"1754301","Fox Corporation(Class B)","FOX","27.887448064","Communication Services","Broadcasting","New York City, New York","2019"
"11544","W. R. Berkley Corporation","WRB","27.665543168","Financials","Property & Casualty Insurance","Greenwich, Connecticut","1967"
"731802","Atmos Energy","ATO","27.500804096","Utilities","Gas Utilities","Dallas, Texas","1906"
"1002910","Ameren","AEE","27.457939456","Utilities","Multi-Utilities","St. Louis, Missouri","1902"
"936340","DTE Energy","DTE","27.320700928","Utilities","Multi-Utilities","Detroit, Michigan","1995"
"79282","Brown & Brown","BRO","27.259035648","Financials","Insurance Brokers","Daytona Beach, Florida","1939"
"105634","Emcor","EME","27.144677376","Industrials","Construction & Engineering","Norwalk, Connecticut","1994"
"1091667","Charter Communications","CHTR","27.0067712","Communication Services","Cable & Satellite","Stamford, Connecticut","1993"
"1374310","Cboe Global Markets","CBOE","26.616332288","Financials","Financial Exchanges & Data","Chicago, Illinois","1973"
"1383312","Broadridge Financial Solutions","BR","26.568359936","Industrials","Data Processing & Outsourced Services","Lake Success, New York","1962"
"875045","Biogen","BIIB","26.432815104","Health Care","Biotechnology","Cambridge, Massachusetts","1978"
"1031296","FirstEnergy","FE","26.376208384","Utilities","Electric Utilities","Akron, Ohio","1997"
"922224","PPL Corporation","PPL","26.053615616","Utilities","Electric Utilities","Allentown, Pennsylvania","1920"
"49196","Huntington Bancshares","HBAN","25.955989504","Financials","Regional Banks","Columbus, Ohio;Detroit, Michigan","1866"
"915912","AvalonBay Communities","AVB","25.788411904","Real Estate","Multi-Family Residential REITs","Arlington, Virginia","1978"
"29905","Dover Corporation","DOV","25.713483776","Industrials","Industrial Machinery & Supplies & Components","Downers Grove, Illinois","1955"
"33185","Equifax","EFX","25.707595776","Industrials","Research & Consulting Services","Atlanta, Georgia","1899"
"20286","Cincinnati Financial","CINF","25.609766912","Financials","Property & Casualty Insurance","Fairfield, Ohio","1950"
"1757898","Steris","STE","25.538613248","Health Care","Health Care Equipment","Dublin, Ireland","1985"
"1410636","American Water Works","AWK","25.51240704","Utilities","Water Utilities","Camden, New Jersey","1886"
"1967680","Veralto","VLTO","25.276669952","Industrials","Environmental & Facilities Services","Waltham, Massachusetts","2023"
"1093557","Dexcom","DXCM","25.274404864","Health Care","Health Care Equipment","San Diego, California","1999"
"1130310","CenterPoint Energy","CNP","25.037498368","Utilities","Multi-Utilities","Houston, Texas","1882"
"822416","PulteGroup","PHM","24.96800768","Consumer Discretionary","Homebuilding","Atlanta, Georgia","1956"
"72741","Eversource Energy","ES","24.878792704","Utilities","Electric Utilities","Hartford, Connecticut","1966"
"73124","Northern Trust","NTRS","24.86786048","Financials","Asset Management & Custody Banks","Chicago, Illinois","1889"
"1022671","Steel Dynamics","STLD","24.675905536","Materials","Steel","Fort Wayne, Indiana","1993"
"1403568","Ulta Beauty","ULTA","24.632440832","Consumer Discretionary","Other Specialty Retail","Bolingbrook, Illinois","1990"
"40704","General Mills","GIS","24.55812096","Consumer Staples","Packaged Foods & Meats","Golden Valley, Minnesota","1856"
"1020569","Iron Mountain","IRM","24.465942528","Real Estate","Other Specialized REITs","Portsmouth, New Hampshire","1951"
"906107","Equity Residential","EQR","24.392966144","Real Estate","Multi-Family Residential REITs","Chicago, Illinois","1969"
"29534","Dollar General","DG","24.2182656","Consumer Staples","Consumer Staples Merchandise Retail","Goodlettsville, Tennessee","1939"
"1336920","Leidos","LDOS","24.00058368","Industrials","Diversified Support Services","Reston, Virginia","1969"
"16918","Constellation Brands","STZ","23.99683584","Consumer Staples","Distillers & Vintners","Rochester, New York","1945"
"1000697","Waters Corporation","WAT","23.731738624","Health Care","Life Sciences Tools & Services","Milford, Massachusetts","1958"
"1014473","Verisign","VRSN","23.694956544","Information Technology","Internet Services & Infrastructure","Reston, Virginia","1995"
"1090012","Devon Energy","DVN","23.652646912","Energy","Oil & Gas Exploration & Production","Oklahoma City, Oklahoma","1971"
"47217","HP Inc.","HPQ","23.622713344","Information Technology","Technology Hardware, Storage & Peripherals","Palo Alto, California","1939 (2015)"
"759944","Citizens Financial Group","CFG","23.577536512","Financials","Regional Banks","Providence, Rhode Island","1828"
"1094285","Teledyne Technologies","TDY","23.274543104","Information Technology","Electronic Equipment & Instruments","Thousand Oaks, California","1960"
"1002047","NetApp","NTAP","23.12179712","Information Technology","Technology Hardware, Storage & Peripherals","San Jose, California","1992"
"29989","Omnicom Group","OMC","22.997571584","Communication Services","Advertising","New York City, New York","1986"
"45012","Halliburton","HAL","22.943522816","Energy","Oil & Gas Equipment & Services","Houston, Texas","1919"
"898293","Jabil","JBL","22.756960256","Information Technology","Electronic Manufacturing Services","St. Petersburg, Florida","1966"
"935703","Dollar Tree","DLTR","22.745757696","Consumer Staples","Consumer Staples Merchandise Retail","Chesapeake, Virginia","1986"
"48898","Hubbell Incorporated","HUBB","22.718318592","Industrials","Industrial Machinery & Supplies & Components","Shelton, Connecticut","1888"
"1281761","Regions Financial Corporation","RF","22.673555456","Financials","Regional Banks","Birmingham, Alabama","1971"
"79879","PPG Industries","PPG","22.626424832","Materials","Specialty Chemicals","Pittsburgh, Pennsylvania","1883"
"1116132","Tapestry, Inc.","TPR","22.617421824","Consumer Discretionary","Apparel, Accessories & Luxury Goods","New York City, New York","2017"
"1113169","T. Rowe Price","TROW","22.514221056","Financials","Asset Management & Custody Banks","Baltimore, Maryland","1937"
"811156","CMS Energy","CMS","22.105788416","Utilities","Multi-Utilities","Jackson, Michigan","1886"
"920148","Labcorp","LH","22.098782208","Health Care","Health Care Services","Burlington, North Carolina","1978"
"60086","Loews Corporation","L","22.051500032","Financials","Multi-line Insurance","New York City, New York","1959"
"827052","Edison International","EIX","21.98673408","Utilities","Electric Utilities","Rosemead, California","1886"
"1397187","Lululemon Athletica","LULU","21.86073088","Consumer Discretionary","Apparel, Accessories & Luxury Goods","Vancouver, Canada","1998"
"1145197","Insulet Corporation","PODD","21.751293952","Health Care","Health Care Equipment","Acton, Massachusetts","2000"
"1037038","Ralph Lauren Corporation","RL","21.58140416","Consumer Discretionary","Apparel, Accessories & Luxury Goods","New York City, New York","1967"
"719955","Williams-Sonoma, Inc.","WSM","21.25692928","Consumer Discretionary","Homefurnishing Retail","San Francisco, California","1956"
"857005","PTC Inc.","PTC","21.141016576","Information Technology","Application Software","Boston, Massachusetts","1985"
"1097864","ON Semiconductor","ON","21.053980672","Information Technology","Semiconductors","Phoenix, Arizona","1999"
"906163","NVR, Inc.","NVR","21.00262912","Consumer Discretionary","Homebuilding","Reston, Virginia","1980"
"1175454","Corpay","CPAY","20.827713536","Financials","Transaction & Payment Processing Services","Atlanta, Georgia","2000"
"1022079","Quest Diagnostics","DGX","20.41336832","Health Care","Health Care Services","Secaucus, New Jersey","1967"
"940944","Darden Restaurants","DRI","20.362133504","Consumer Discretionary","Restaurants","Orlando, Florida","1938"
"313927","Church & Dwight","CHD","20.351072256","Consumer Staples","Household Products","Ewing, New Jersey","1847"
"100493","Tyson Foods","TSN","20.2441216","Consumer Staples","Packaged Foods & Meats","Springdale, Arkansas","1935"
"858470","Coterra","CTRA","20.139264","Energy","Oil & Gas Exploration & Production","Houston, Texas","2021 (1989)"
"91576","KeyCorp","KEY","20.044310528","Financials","Regional Banks","Cleveland, Ohio","1825"
"1111711","NiSource","NI","19.998806016","Utilities","Multi-Utilities","Merrillville, Indiana","1912"
"51434","International Paper","IP","19.986249728","Materials","Paper & Plastic Packaging Products & Materials","Memphis, Tennessee","1898"
"860731","Tyler Technologies","TYL","19.966623744","Information Technology","Application Software","Plano, Texas","1966"
"1034054","SBA Communications","SBAC","19.924084736","Real Estate","Telecom Tower REITs","Boca Raton, Florida","1989"
"879169","Incyte","INCY","19.914975232","Health Care","Biotechnology","Wilmington, Delaware","1991"
"746515","Expeditors International","EXPD","19.88004864","Industrials","Air Freight & Logistics","Seattle, Washington","1979"
"1811074","Texas Pacific Land Corporation","TPL","19.869607936","Energy","Oil & Gas Exploration & Production","Dallas, Texas","1888"
"1375365","Supermicro","SMCI","19.652288512","Information Technology","Technology Hardware, Storage & Peripherals","San Jose, California","1993"
"105770","West Pharmaceutical Services","WST","19.642707968","Health Care","Health Care Supplies","Exton, Pennsylvania","1923"
"864749","Trimble Inc.","TRMB","19.56819968","Information Technology","Electronic Equipment & Instruments","Westminster, Colorado","1978"
"1671933","Trade Desk (The)","TTD","19.533268992","Communication Services","Advertising","Ventura, California","2009"
"1748790","Amcor","AMCR","19.390222336","Materials","Paper & Plastic Packaging Products & Materials","Warmley,Bristol, United Kingdom","2019 (1860)"
"1996862","Bunge Global","BG","19.215958016","Consumer Staples","Agricultural Products & Services","Chesterfield, Missouri","1818"
"1123360","Global Payments","GPN","19.090753536","Financials","Transaction & Payment Processing Services","Atlanta, Georgia","2000"
"1071739","Centene Corporation","CNC","19.075815424","Health Care","Managed Health Care","St. Louis, Missouri","1984"
"1402057","CDW Corporation","CDW","18.893717504","Information Technology","Technology Distributors","Vernon Hills, Illinois","1984"
"1043277","C.H. Robinson","CHRW","18.858237952","Industrials","Air Freight & Logistics","Eden Prairie, Minnesota","1905"
"1126328","Principal Financial Group","PFG","18.78383616","Financials","Life & Health Insurance","Des Moines, Iowa","1879"
"1136869","Zimmer Biomet","ZBH","18.656811008","Health Care","Health Care Equipment","Warsaw, Indiana","1927"
"92380","Southwest Airlines","LUV","18.60740096","Industrials","Passenger Airlines","Dallas, Texas","1967"
"920522","Essex Property Trust","ESS","18.008223744","Real Estate","Multi-Family Residential REITs","San Mateo, California","1971"
"2005951","Smurfit Westrock","SW","17.989318656","Materials","Paper & Plastic Packaging Products & Materials","Dublin, Ireland","1934"
"1659166","Fortive","FTV","17.979193344","Industrials","Industrial Machinery & Supplies & Components","Everett, Washington","2016"
"728535","J.B. Hunt","JBHT","17.978529792","Industrials","Cargo Ground Transportation","Lowell, Arkansas","1961"
"40987","Genuine Parts Company","GPC","17.93829888","Consumer Discretionary","Distributors","Atlanta, Georgia","1925"
"91440","Snap-on","SNA","17.765799936","Industrials","Industrial Machinery & Supplies & Components","Kenosha, Wisconsin","1920"
"1609711","GoDaddy","GDDY","17.76439296","Information Technology","Internet Services & Infrastructure","Tempe, Arizona","1997"
"51253","International Flavors & Fragrances","IFF","17.565917184","Materials","Specialty Chemicals","New York City, New York","1958 (1889)"
"63754","McCormick & Company","MKC","17.562503168","Consumer Staples","Packaged Foods & Meats","Hunt Valley, Maryland","1889"
"2041610","Paramount Skydance Corporation","PSKY","17.45210368","Communication Services","Movies & Entertainment","Los Angeles, California","2025 (Paramount Pictures1912)"
"75677","Packaging Corporation of America","PKG","17.3254144","Materials","Paper & Plastic Packaging Products & Materials","Lake Forest, Illinois","1959"
"749251","Gartner","IT","17.314715648","Information Technology","IT Consulting & Other Services","Stamford, Connecticut","1979"
"77360","Pentair","PNR","17.239011328","Industrials","Industrial Machinery & Supplies & Components","Worsley, United Kingdom","1966"
"1711269","Evergy","EVRG","17.157860352","Utilities","Electric Utilities","Kansas City, Missouri","1909"
"1069202","Lennox International","LII","17.115710464","Industrials","Building Products","Richardson, Texas","1895"
"1687229","Invitation Homes","INVH","17.103275008","Real Estate","Single-Family Residential REITs","Dallas, Texas","2012"
"352541","Alliant Energy","LNT","17.101782016","Utilities","Electric Utilities","Madison, Wisconsin","1917"
"1751788","Dow Inc.","DOW","16.95890944","Materials","Commodity Chemicals","Midland, Michigan","2019 (1897)"
"1521332","Aptiv","APTV","16.872030208","Consumer Discretionary","Automotive Parts & Equipment","Dublin, Ireland","1994"
"2058873","Qnity Electronics","Q","16.704690176","Information Technology","Semiconductor Materials & Equipment","Wilmington, Delaware","2025"
"859737","Hologic","HOLX","16.677769216","Health Care","Health Care Equipment","Marlborough, Massachusetts","1985"
"1666700","DuPont","DD","16.557904896","Materials","Specialty Chemicals","Wilmington, Delaware","2017 (1802)"
"912595","Mid-America Apartment Communities","MAA","16.235446272","Real Estate","Multi-Family Residential REITs","Memphis, Tennessee","1977"
"52988","Jacobs Solutions","J","16.223488","Industrials","Construction & Engineering","Dallas, Texas","1947"
"849399","Gen Digital","GEN","16.188797952","Information Technology","Systems Software","Tempe, Arizona","1982"
"1564708","News Corp(Class B)","NWS","16.170929152","Communication Services","Publishing","New York City, New York","2013 (News Corporation1980)"
"1973266","TKO Group Holdings","TKO","15.987124224","Communication Services","Movies & Entertainment","New York City, New York","2023"
"764478","Best Buy","BBY","15.82775296","Consumer Discretionary","Computer & Electronics Retail","Richfield, Minnesota","1966"
"106535","Weyerhaeuser","WY","15.793874944","Real Estate","Timber REITs","Seattle, Washington","1900"
"922621","Erie Indemnity","ERIE","15.475186688","Financials","Insurance Brokers","Erie, Pennsylvania","1925"
"1489393","LyondellBasell","LYB","15.379089408","Materials","Specialty Chemicals","Rotterdam, Netherlands","2007"
"352915","Universal Health Services","UHS","15.189282816","Health Care","Health Care Facilities","King of Prussia, Pennsylvania","1979"
"711404","Cooper Companies (The)","COO","15.13102848","Health Care","Health Care Supplies","San Ramon, California","1958"
"915913","Albemarle Corporation","ALB","15.081761792","Materials","Specialty Chemicals","Charlotte, North Carolina","1994"
"1564708","News Corp(Class A)","NWSA","14.873404416","Communication Services","Publishing","New York City, New York","2013 (News Corporation1980)"
"1964738","Solventum","SOLV","14.845375488","Health Care","Health Care Technology","Saint Paul, Minnesota","2023"
"217346","Textron","TXT","14.689462272","Industrials","Aerospace & Defense","Providence, Rhode Island","1923"
"1286681","Domino's","DPZ","14.416069632","Consumer Discretionary","Restaurants","Ann Arbor, Michigan","1960"
"14693","Brown–Forman","BF.B","14.25","Consumer Staples","Distillers & Vintners","Louisville, Kentucky","1870"
"1579241","Allegion","ALLE","14.123005952","Industrials","Building Products","Dublin, Ireland","1908"
"1048695","F5, Inc.","FFIV","13.855535104","Information Technology","Communications Equipment","Seattle, Washington","1996"
"1174922","Wynn Resorts","WYNN","13.838235648","Consumer Discretionary","Casinos & Gaming","Paradise, Nevada","2002"
"879101","Kimco Realty","KIM","13.747060736","Real Estate","Retail REITs","Jericho, New York","1958"
"74208","UDR, Inc.","UDR","13.662788608","Real Estate","Multi-Family Residential REITs","Highlands Ranch, Colorado","1972"
"910521","Deckers Brands","DECK","13.613469696","Consumer Discretionary","Footwear","Goleta, California","1973"
"62996","Masco","MAS","13.45580032","Industrials","Building Products","Livonia, Michigan","1929"
"72331","Nordson Corporation","NDSN","13.366061056","Industrials","Industrial Machinery & Supplies & Components","Westlake, Ohio","1935"
"8818","Avery Dennison","AVY","13.311812608","Materials","Paper & Plastic Packaging Products & Materials","Mentor, Ohio","1935"
"832101","IDEX Corporation","IEX","13.182804992","Industrials","Industrial Machinery & Supplies & Components","Northbrook, Illinois","1988"
"9389","Ball Corporation","BALL","13.17472768","Materials","Metal, Glass & Plastic Containers","Broomfield, Colorado","1880"
"1095073","Everest Group","EG","13.105968128","Financials","Reinsurance","Hamilton, Bermuda","1973"
"21076","Clorox","CLX","12.916501504","Consumer Staples","Household Products","Oakland, California","1913"
"910606","Regency Centers","REG","12.885353472","Real Estate","Retail REITs","Jacksonville, Florida","1963"
"877212","Zebra Technologies","ZBRA","12.835784704","Information Technology","Electronic Equipment & Instruments","Lincolnshire, Illinois","1969"
"1324404","CF Industries","CF","12.791005184","Materials","Fertilizers & Agricultural Chemicals","Deerfield, Illinois","1946"
"48465","Hormel Foods","HRL","12.699464704","Consumer Staples","Packaged Foods & Meats","Austin, Minnesota","1891"
"1037540","BXP, Inc.","BXP","12.692327424","Real Estate","Office REITs","Boston, Massachusetts","1970"
"779152","Jack Henry & Associates","JKHY","12.547826688","Financials","Transaction & Payment Processing Services","Monett, Missouri","1976"
"765880","Healthpeak Properties","DOC","12.536895488","Real Estate","Health Care REITs","Denver, Colorado","1985"
"1086222","Akamai Technologies","AKAM","12.491817984","Information Technology","Internet Services & Infrastructure","Cambridge, Massachusetts","1998"
"1316835","Builders FirstSource","BLDR","12.3960832","Industrials","Building Products","Irving, Texas","1998"
"1792044","Viatris","VTRS","12.364343296","Health Care","Pharmaceuticals","Pittsburgh, Pennsylvania","1961"
"1070750","Host Hotels & Resorts","HST","12.210985984","Real Estate","Hotel & Resort REITs","Bethesda, Maryland","1993"
"1501585","Huntington Ingalls Industries","HII","12.05496832","Industrials","Aerospace & Defense","Newport News, Virginia","2011"
"31791","Revvity","RVTY","11.924135936","Health Care","Health Care Equipment","Waltham, Massachusetts","1937"
"38777","Franklin Resources","BEN","11.680160768","Financials","Asset Management & Custody Banks","San Mateo, California","1947"
"46080","Hasbro","HAS","11.458518016","Consumer Discretionary","Leisure Products","Pawtucket, Rhode Island","1923"
"906345","Camden Property Trust","CPT","11.326389248","Real Estate","Multi-Family Residential REITs","Houston, Texas","1981"
"1267238","Assurant","AIZ","11.17015552","Financials","Multi-line Insurance","Atlanta, Georgia","1892"
"1725057","Dayforce","DAY","11.060016128","Industrials","Human Resource & Employment Services","Minneapolis, Minnesota","1992"
"93556","Stanley Black & Decker","SWK","11.03400448","Industrials","Industrial Machinery & Supplies & Components","New Britain, Connecticut","1843"
"1097149","Align Technology","ALGN","10.940366848","Health Care","Health Care Supplies","Tempe, Arizona","1997"
"914208","Invesco","IVZ","10.810162176","Financials","Asset Management & Custody Banks","Atlanta, Georgia","1935"
"91419","J.M. Smucker Company (The)","SJM","10.776127488","Consumer Staples","Packaged Foods & Meats","Orrville, Ohio","1897"
"1352010","EPAM Systems","EPAM","10.748947456","Information Technology","IT Consulting & Other Services","Newtown, Pennsylvania","1993"
"320335","Globe Life","GL","10.623612928","Financials","Life & Health Insurance","McKinney, Texas","1900"
"764622","Pinnacle West Capital","PNW","10.597388288","Utilities","Multi-Utilities","Phoenix, Arizona","1985"
"1013237","FactSet","FDS","10.41321984","Financials","Financial Exchanges & Data","Norwalk, Connecticut","1978"
"4127","Skyworks Solutions","SWKS","10.145907712","Information Technology","Semiconductors","Irvine, California","2002"
"874761","AES Corporation","AES","9.941209088","Utilities","Independent Power Producers & Energy Traders","Arlington, Virginia","1981"
"842023","Bio-Techne","TECH","9.8084096","Health Care","Life Sciences Tools & Services","Minneapolis, Minnesota","1976"
"10456","Baxter International","BAX","9.684811776","Health Care","Health Care Equipment","Deerfield, Illinois","1931"
"789570","MGM Resorts","MGM","9.665717248","Consumer Discretionary","Casinos & Gaming","Paradise, Nevada","1986"
"1682852","Moderna","MRNA","9.401051136","Health Care","Biotechnology","Cambridge, Massachusetts","2010"
"1035443","Alexandria Real Estate Equities","ARE","9.30317312","Real Estate","Office REITs","Pasadena, California","1994"
"91142","A. O. Smith","AOS","9.242947584","Industrials","Building Products","Milwaukee, Wisconsin","1916"
"24545","Molson Coors Beverage Company","TAP","9.195644928","Consumer Staples","Brewers","Chicago, Illinois","2005 (Molson 1786, Coors 1873)"
"945841","Pool Corporation","POOL","9.13283584","Consumer Discretionary","Distributors","Covington, Louisiana","1993"
"1474735","Generac","GNRC","9.114221568","Industrials","Electrical Components & Equipment","Waukesha, Wisconsin","1959"
"1590955","Paycom","PAYC","9.110755328","Industrials","Human Resource & Employment Services","Oklahoma City, Oklahoma","1998"
"1841666","APA Corporation","APA","9.105666048","Energy","Oil & Gas Exploration & Production","Houston, Texas","1954"
"16732","Campbell's Company (The)","CPB","8.906995712","Consumer Staples","Packaged Foods & Meats","Camden, New Jersey","1869"
"1000228","Henry Schein","HSIC","8.691306496","Health Care","Health Care Distributors","Melville, New York","1932"
"1100682","Charles River Laboratories","CRL","8.600895488","Health Care","Life Sciences Tools & Services","Wilmington, Massachusetts","1947"
"927066","DaVita","DVA","8.521370112","Health Care","Health Care Services","Denver, Colorado","1979"
"34903","Federal Realty Investment Trust","FRT","8.47160576","Real Estate","Retail REITs","Rockville, Maryland","1962"
"1513761","Norwegian Cruise Line Holdings","NCLH","8.390395904","Consumer Discretionary","Hotels, Resorts & Cruise Lines","Miami-Dade County, Florida[4]","2011 (1966)"
"23217","Conagra Brands","CAG","8.237215232","Consumer Staples","Packaged Foods & Meats","Chicago, Illinois","1919"
"1679273","Lamb Weston","LW","8.228896256","Consumer Staples","Packaged Foods & Meats","Eagle, Idaho","2016 (1950)"
"891103","Match Group","MTCH","8.1089664","Communication Services","Interactive Media & Services","Dallas, Texas","1986"
"1179929","Molina Healthcare","MOH","7.911574016","Health Care","Managed Health Care","Long Beach, California","1980"
"1285785","Mosaic Company (The)","MOS","7.73840384","Materials","Fertilizers & Agricultural Chemicals","Tampa, Florida","2004 (1865 / 1909)"
"1065696","LKQ Corporation","LKQ","7.507815424","Consumer Discretionary","Distributors","Nashville, Tennessee","1998"
"2064953","Solstice Advanced Materials","SOLS","7.40463616","Materials","Specialty Chemicals","Morris Plains, New Jersey","2025"
"851968","Mohawk Industries","MHK","7.11969536","Consumer Discretionary","Home Furnishings","Calhoun, Georgia","1878"
